[{"count": 129766, "average": 205, "name": "INDIA"}, {"count": 17891, "average": 222, "name": "SOUTH KOREA"}, {"count": 1376, "average": 197, "name": "GERMANY"}, {"count": 8419, "average": 200, "name": "CANADA"}, {"count": 1881, "average": 206, "name": "BRAZIL"}, {"count": 20021, "average": 196, "name": "CHINA"}, {"count": 329, "average": 200, "name": "BELARUS"}, {"count": 2282, "average": 206, "name": "PAKISTAN"}, {"count": 204, "average": 439, "name": "GUATEMALA"}, {"count": 5225, "average": 281, "name": "MEXICO"}, {"count": 1497, "average": 224, "name": "TURKEY"}, {"count": 756, "average": 230, "name": "ARGENTINA"}, {"count": 440, "average": 417, "name": "ECUADOR"}, {"count": 1034, "average": 232, "name": "COLOMBIA"}, {"count": 2034, "average": 199, "name": "FRANCE"}, {"count": 1743, "average": 236, "name": "JAPAN"}, {"count": 1007, "average": 179, "name": "UKRAINE"}, {"count": 4604, "average": 301, "name": "PHILIPPINES"}, {"count": 32, "average": 352, "name": "GUYANA"}, {"count": 1084, "average": 183, "name": "AUSTRALIA"}, {"count": 1115, "average": 196, "name": "ISRAEL"}, {"count": 1901, "average": 193, "name": "NEPAL"}, {"count": 1536, "average": 184, "name": "RUSSIA"}, {"count": 389, "average": 279, "name": "UNITED STATES OF AMERICA"}, {"count": 444, "average": 259, "name": "PERU"}, {"count": 455, "average": 215, "name": "SOUTH AFRICA"}, {"count": 633, "average": 212, "name": "EGYPT"}, {"count": 2911, "average": 217, "name": "UNITED KINGDOM"}, {"count": 64, "average": 252, "name": "TANZANIA"}, {"count": 49, "average": 290, "name": "GRENADA"}, {"count": 59, "average": 355, "name": "PANAMA"}, {"count": 86, "average": 242, "name": "UZBEKISTAN"}, {"count": 20, "average": 347, "name": "DOMINICA"}, {"count": 889, "average": 241, "name": "POLAND"}, {"count": 255, "average": 215, "name": "NEW ZEALAND"}, {"count": 250, "average": 224, "name": "KENYA"}, {"count": 213, "average": 273, "name": "HONDURAS"}, {"count": 612, "average": 207, "name": "MALAYSIA"}, {"count": 34, "average": 213, "name": "UGANDA"}, {"count": 658, "average": 208, "name": "NIGERIA"}, {"count": 570, "average": 189, "name": "IRELAND"}, {"count": 111, "average": 236, "name": "BOLIVIA"}, {"count": 82, "average": 216, "name": "URUGUAY"}, {"count": 1209, "average": 201, "name": "ITALY"}, {"count": 109, "average": 221, "name": "ZIMBABWE"}, {"count": 275, "average": 281, "name": "EL SALVADOR"}, {"count": 377, "average": 319, "name": "JAMAICA"}, {"count": 2456, "average": 201, "name": "TAIWAN"}, {"count": 87, "average": 204, "name": "SLOVAKIA"}, {"count": 482, "average": 227, "name": "INDONESIA"}, {"count": 352, "average": 212, "name": "LEBANON"}, {"count": 910, "average": 195, "name": "SPAIN"}, {"count": 200, "average": 214, "name": "HUNGARY"}, {"count": 201, "average": 252, "name": "TRINIDAD AND TOBAGO"}, {"count": 235, "average": 219, "name": "DOMINICAN REPUBLIC"}, {"count": 371, "average": 210, "name": "BULGARIA"}, {"count": 383, "average": 199, "name": "HONG KONG"}, {"count": 1, "average": 582, "name": "YUGOSLAVIA"}, {"count": 1748, "average": 192, "name": "VENEZUELA"}, {"count": 44, "average": 191, "name": "BURMA (MYANMAR)"}, {"count": 520, "average": 211, "name": "ROMANIA"}, {"count": 89, "average": 247, "name": "ALBANIA"}, {"count": 12, "average": 319, "name": "TOGO"}, {"count": 295, "average": 209, "name": "NETHERLANDS"}, {"count": 264, "average": 195, "name": "CHILE"}, {"count": 212, "average": 221, "name": "PORTUGAL"}, {"count": 36, "average": 263, "name": "ST LUCIA"}, {"count": 1953, "average": 150, "name": "VIETNAM"}, {"count": 571, "average": 227, "name": "THAILAND"}, {"count": 123, "average": 213, "name": "MOROCCO"}, {"count": 1795, "average": 178, "name": "IRAN"}, {"count": 25, "average": 225, "name": "BELIZE"}, {"count": 74, "average": 191, "name": "CROATIA"}, {"count": 6, "average": 275, "name": "BHUTAN"}, {"count": 49, "average": 182, "name": "SAUDI ARABIA"}, {"count": 418, "average": 218, "name": "SRI LANKA"}, {"count": 456, "average": 174, "name": "SINGAPORE"}, {"count": 377, "average": 191, "name": "GREECE"}, {"count": 368, "average": 182, "name": "JORDAN"}, {"count": 16, "average": 314, "name": "MALAWI"}, {"count": 51, "average": 205, "name": "NICARAGUA"}, {"count": 120, "average": 188, "name": "DENMARK"}, {"count": 31, "average": 206, "name": "KYRGYZSTAN"}, {"count": 46, "average": 171, "name": "GEORGIA"}, {"count": 304, "average": 194, "name": "SWEDEN"}, {"count": 129, "average": 203, "name": "CZECH REPUBLIC"}, {"count": 97, "average": 181, "name": "MOLDOVA"}, {"count": 697, "average": 186, "name": "BANGLADESH"}, {"count": 104, "average": 210, "name": "ARMENIA"}, {"count": 35, "average": 178, "name": "BOSNIA AND HERZEGOVINA"}, {"count": 28, "average": 216, "name": "ZAMBIA"}, {"count": 29, "average": 260, "name": "BARBADOS"}, {"count": 287, "average": 164, "name": "SYRIA"}, {"count": 59, "average": 225, "name": "LITHUANIA"}, {"count": 36, "average": 190, "name": "SENEGAL"}, {"count": 143, "average": 181, "name": "AUSTRIA"}, {"count": 215, "average": 178, "name": "GHANA"}, {"count": 138, "average": 191, "name": "FINLAND"}, {"count": 178, "average": 191, "name": "COSTA RICA"}, {"count": 11, "average": 396, "name": "DEMOCRATIC REPUBLIC OF CONGO"}, {"count": 158, "average": 211, "name": "MONGOLIA"}, {"count": 8, "average": 162, "name": "FIJI"}, {"count": 38, "average": 244, "name": "CAMBODIA"}, {"count": 13, "average": 303, "name": "ANGOLA"}, {"count": 41, "average": 181, "name": "ICELAND"}, {"count": 154, "average": 187, "name": "SWITZERLAND"}, {"count": 21, "average": 228, "name": "KOSOVO"}, {"count": 38, "average": 267, "name": "PARAGUAY"}, {"count": 51, "average": 276, "name": "MACEDONIA"}, {"count": 64, "average": 183, "name": "LIBYA"}, {"count": 28, "average": 166, "name": "SLOVENIA"}, {"count": 163, "average": 170, "name": "SERBIA"}, {"count": 90, "average": 180, "name": "ETHIOPIA"}, {"count": 7, "average": 247, "name": "SURINAME"}, {"count": 16, "average": 176, "name": "AFGHANISTAN"}, {"count": 20, "average": 287, "name": "TURKMENISTAN"}, {"count": 29, "average": 201, "name": "ALGERIA"}, {"count": 85, "average": 185, "name": "KAZAKHSTAN"}, {"count": 7, "average": 221, "name": "PALESTINIAN TERRITORIES"}, {"count": 67, "average": 169, "name": "BAHAMAS"}, {"count": 72, "average": 225, "name": "CAMEROON"}, {"count": 147, "average": 195, "name": "BELGIUM"}, {"count": 15, "average": 220, "name": "SERBIA AND MONTENEGRO"}, {"count": 3, "average": 414, "name": "GUINEA-BISSAU"}, {"count": 58, "average": 174, "name": "NORWAY"}, {"count": 28, "average": 205, "name": "ESTONIA"}, {"count": 22, "average": 200, "name": "TAJIKISTAN"}, {"count": 8, "average": 200, "name": "MONTENEGRO"}, {"count": 54, "average": 244, "name": "LATVIA"}, {"count": 26, "average": 156, "name": "MACAU"}, {"count": 11, "average": 187, "name": "COTE d'IVOIRE"}, {"count": 41, "average": 169, "name": "HAITI"}, {"count": 5, "average": 270, "name": "MARSHALL ISLANDS"}, {"count": 7, "average": 187, "name": "BAHRAIN"}, {"count": 43, "average": 209, "name": "PALESTINE"}, {"count": 3, "average": 130, "name": "SEYCHELLES"}, {"count": 45, "average": 162, "name": "AZERBAIJAN"}, {"count": 39, "average": 179, "name": "TUNISIA"}, {"count": 8, "average": 145, "name": "SAINT VINCENT AND THE GRENADINES"}, {"count": 22, "average": 184, "name": "GAMBIA"}, {"count": 9, "average": 221, "name": "BURKINA FASO"}, {"count": 6, "average": 176, "name": "UNITED ARAB EMIRATES"}, {"count": 6, "average": 122, "name": "ERITREA"}, {"count": 8, "average": 169, "name": "MADAGASCAR"}, {"count": 19, "average": 136, "name": "SUDAN"}, {"count": 19, "average": 139, "name": "IRAQ"}, {"count": 2, "average": 161, "name": "SOUTH SUDAN"}, {"count": 8, "average": 169, "name": "ANTIGUA AND BARBUDA"}, {"count": 3, "average": 153, "name": "SIERRA LEONE"}, {"count": 6, "average": 170, "name": "BERMUDA"}, {"count": 35, "average": 171, "name": "CYPRUS"}, {"count": 8, "average": 231, "name": "IVORY COAST"}, {"count": 13, "average": 148, "name": "YEMEN"}, {"count": 1, "average": 156, "name": "NETHERLANDS ANTILLES"}, {"count": 4, "average": 128, "name": "GUINEA"}, {"count": 1, "average": 479, "name": "KIRIBATI"}, {"count": 4, "average": 171, "name": "LAOS"}, {"count": 11, "average": 312, "name": "ST KITTS AND NEVIS"}, {"count": 6, "average": 237, "name": "GABON"}, {"count": 18, "average": 282, "name": "BENIN"}, {"count": 20, "average": 135, "name": "MAURITIUS"}, {"count": 12, "average": 489, "name": "MALI"}, {"count": 13, "average": 156, "name": "BOTSWANA"}, {"count": 1, "average": 193, "name": "EQUATORIAL GUINEA"}, {"count": 13, "average": 106, "name": "RWANDA"}, {"count": 2, "average": 171, "name": "BURUNDI"}, {"count": 2, "average": 192, "name": "MALDIVES"}, {"count": 19, "average": 147, "name": "KUWAIT"}, {"count": 1, "average": 179, "name": "SAMOA"}, {"count": 2, "average": 117, "name": "REPUBLIC OF CONGO"}, {"count": 12, "average": 160, "name": "LUXEMBOURG"}, {"count": 4, "average": 634, "name": "NIGER"}, {"count": 4, "average": 148, "name": "NAMIBIA"}, {"count": 2, "average": 202, "name": "BRITISH VIRGIN ISLANDS"}, {"count": 1, "average": 182, "name": "SAO TOME AND PRINCIPE"}, {"count": 3, "average": 267, "name": "MAURITANIA"}, {"count": 4, "average": 318, "name": "ST VINCENT"}, {"count": 1, "average": 142, "name": "LIECHTENSTEIN"}, {"count": 1, "average": 160, "name": "SOMALIA"}, {"count": 1, "average": 21, "name": "CUBA"}, {"count": 5, "average": 199, "name": "SWAZILAND"}, {"count": 3, "average": 169, "name": "MALTA"}, {"count": 1, "average": 217, "name": "ANDORRA"}, {"count": 1, "average": 175, "name": "SOVIET UNION"}, {"count": 1, "average": 162, "name": "LESOTHO"}, {"count": 1, "average": 340, "name": "NORTH KOREA"}, {"count": 1, "average": 172, "name": "CAYMAN ISLANDS"}, {"count": 1, "average": 146, "name": "CHAD"}, {"count": 1, "average": 270, "name": "COMOROS"}, {"count": 3, "average": 114, "name": "BRUNEI"}, {"count": 1, "average": 103, "name": "TURKS AND CAICOS ISLANDS"}, {"count": 1, "average": 219, "name": "CAPE VERDE"}, {"count": 2, "average": 87, "name": "LIBERIA"}, {"count": 1, "average": 227, "name": "VANUATU"}]